{
  "pipeline_version": "2.0_fixed_no_leakage",
  "leakage_fix": "source_ip, destination_ip, flow_id, source_port, timestamp removed",
  "model_type": "DQN (Deep Q-Network)",
  "feature_dim": 78,
  "train_rows": 187721,
  "test_rows": 80453,
  "n_episodes": 20,
  "final_epsilon": 0.05,
  "reward_shaping": {
    "correct": 1.0,
    "missed_attack": -2.0,
    "false_positive": -0.5
  },
  "performance": {
    "accuracy": 0.9696,
    "precision": 0.9897,
    "recall": 0.8411,
    "f1": 0.9093,
    "roc_auc": 0.9963,
    "mcc": 0.8955,
    "fpr": 0.0019
  },
  "training_history": {
    "episode": [
      1,
      2,
      3,
      4,
      5,
      6,
      7,
      8,
      9,
      10,
      11,
      12,
      13,
      14,
      15,
      16,
      17,
      18,
      19,
      20
    ],
    "loss": [
      0.21479934464602268,
      0.06550512975378636,
      0.04662516158049701,
      0.04002099460208723,
      0.038873936389302685,
      0.05076155747969051,
      0.05658808626071771,
      0.04373595435407162,
      0.04311267838158561,
      0.041912219416904456,
      0.042027409485330514,
      0.04547862488631321,
      0.03910618592589157,
      0.04813047607258982,
      0.050754909817756044,
      0.03856915956784323,
      0.0425827318009573,
      0.046743942495062696,
      0.035067696730963875,
      0.03367839963328696
    ],
    "reward": [
      0.9201660975596764,
      0.9257914671240831,
      0.9273016870781638,
      0.9321439796293436,
      0.9299785319703177,
      0.9233303679396552,
      0.9260951092312527,
      0.9270300072980647,
      0.9304020328040017,
      0.931816365776871,
      0.929419191246584,
      0.9273815928958401,
      0.929906616734409,
      0.9235061607385429,
      0.9230906504866264,
      0.9327832261707534,
      0.9286041519062864,
      0.9289477469222942,
      0.9330948588596907,
      0.935060541974526
    ],
    "accuracy": [
      0.9572077711071217,
      0.9600257829438369,
      0.960872784611205,
      0.9643566782618886,
      0.9628278136170167,
      0.9583371066636125,
      0.9607555894119465,
      0.961613245188338,
      0.9631793992147921,
      0.963967803282531,
      0.9621246424214659,
      0.9610698856281397,
      0.9627851971809227,
      0.9577244953947613,
      0.9580760809925368,
      0.9644152758615179,
      0.9615812828612675,
      0.9620074472222074,
      0.9643193888803064,
      0.9651876987657215
    ],
    "f1": [
      0.8887195755468437,
      0.8957893567381402,
      0.897857013725681,
      0.9059711350637305,
      0.9023755561151683,
      0.8918900239138549,
      0.8972137346001982,
      0.8991095430107527,
      0.9031742918779593,
      0.9051279174147218,
      0.9008838207823348,
      0.8982427803614693,
      0.9022718370544458,
      0.890887092338998,
      0.89134336600856,
      0.9062929607496563,
      0.8996046550476084,
      0.9005050082307972,
      0.9062141196897141,
      0.9085003010319094
    ],
    "epsilon": [
      0.05,
      0.05,
      0.05,
      0.05,
      0.05,
      0.05,
      0.05,
      0.05,
      0.05,
      0.05,
      0.05,
      0.05,
      0.05,
      0.05,
      0.05,
      0.05,
      0.05,
      0.05,
      0.05,
      0.05
    ],
    "fpr": [
      0.03952864932394623,
      0.037225251486797756,
      0.03638587769868433,
      0.03181812266569499,
      0.03378967505172885,
      0.03934645966451075,
      0.03568965292869877,
      0.034355764350689065,
      0.03327563994117877,
      0.03250133388857801,
      0.03505198912067462,
      0.03596944419140325,
      0.03383522246658772,
      0.04098616659943001,
      0.039788920265996904,
      0.03219551553166847,
      0.035715680022903845,
      0.03495438751740562,
      0.03268352354801348,
      0.032162981663912134
    ]
  }
}